topic,label
-1,Religion and Government Influence
0,Religion and Politics in Modern Society
1,Biblical Prophecy and Theology
2,Political Anecdotes and Historical Figures
3,Election News and Polls
4,Marriage and Abortion Legislation
5,Economic Policy and Taxation
6,Voting and Political Influence
7,Political Scandals and Deception
8,Faith and Trust in Uncertain Times
9,Generational Wisdom and Learning
10,Authority and Leadership
11,Spiritual Gifts and Church Roles
12,Spiritual Warfare and Peace in Christianity
13,Bible Study and Sermon Resources
14,Pet Bird and Voting Reflections
15,Islam and Democracy Tensions
